time_s,timecode,effect
0.15,0:00.15,pin drop
0.75,0:00.75,date roll
0.83,0:00.83,date roll
0.92,0:00.92,date roll
1.00,0:01.00,date roll
1.00,0:01.00,digit lock
1.08,0:01.08,date roll
1.17,0:01.17,date roll
1.20,0:01.20,digit lock
1.25,0:01.25,date roll
1.33,0:01.33,date roll
1.40,0:01.40,digit lock
1.42,0:01.42,date roll
1.50,0:01.50,date roll
1.58,0:01.58,date roll
1.60,0:01.60,digit lock
1.67,0:01.67,date roll
1.75,0:01.75,date roll
1.83,0:01.83,date roll
1.92,0:01.92,date roll
2.00,0:02.00,date roll
2.00,0:02.00,digit lock
2.08,0:02.08,date roll
2.17,0:02.17,date roll
2.20,0:02.20,digit lock
2.25,0:02.25,date roll
2.33,0:02.33,date roll
2.40,0:02.40,digit lock
2.42,0:02.42,date roll
2.50,0:02.50,date roll
2.60,0:02.60,digit lock
2.95,0:02.95,row in
3.60,0:03.60,row in
3.65,0:03.65,clock spin
3.71,0:03.71,clock spin
3.77,0:03.77,clock spin
3.83,0:03.83,clock spin
3.89,0:03.89,clock spin
3.95,0:03.95,clock spin
4.00,0:04.00,clock spin
4.06,0:04.06,clock spin
4.12,0:04.12,clock spin
4.18,0:04.18,clock spin
4.24,0:04.24,clock spin
4.30,0:04.30,clock spin
4.30,0:04.30,zoom
4.50,0:04.50,reticle
4.55,0:04.55,street label
4.90,0:04.90,coords
8.28,0:08.28,BLAST
8.32,0:08.32,tinnitus
9.22,0:09.22,debris
9.30,0:09.30,distant sirens
10.62,0:10.62,photo cut
11.95,0:11.95,big 3
13.25,0:13.25,plaque
14.00,0:14.00,plaque
15.00,0:15.00,plaque
16.20,0:16.20,tag
18.30,0:18.30,tag
20.30,0:20.30,chip in
20.40,0:20.40,reticle sweep
20.50,0:20.50,chip in
20.70,0:20.70,chip in
21.75,0:21.75,card in
22.30,0:22.30,lock on
26.20,0:26.20,stamp injured
27.35,0:27.35,stamp survived
28.60,0:28.60,year tick
28.74,0:28.74,year tick
28.89,0:28.89,year tick
29.03,0:29.03,year tick
29.18,0:29.18,year tick
29.32,0:29.32,year tick
29.47,0:29.47,year tick
29.61,0:29.61,year tick
29.76,0:29.76,year tick
29.90,0:29.90,year tick
30.04,0:30.04,year tick
30.19,0:30.19,year tick
30.33,0:30.33,year tick
30.48,0:30.48,year tick
30.62,0:30.62,year tick
30.77,0:30.77,year tick
30.91,0:30.91,year tick
31.06,0:31.06,year tick
31.20,0:31.20,year tick
31.20,0:31.20,gavel
31.25,0:31.25,year red
42.20,0:42.20,tv on
42.40,0:42.40,title
43.30,0:43.30,sub
46.75,0:46.75,topic
47.95,0:47.95,topic
48.75,0:48.75,topic
51.40,0:51.40,promise
57.70,0:57.70,kicker
58.80,0:58.80,figure
59.30,0:59.30,line draw
60.45,1:00.45,pregnant tag
62.00,1:02.00,figure
62.20,1:02.20,line draw
62.85,1:02.85,paper
62.90,1:02.90,bridge
63.60,1:03.60,marker
65.90,1:05.90,marker
67.70,1:07.70,page shift
70.30,1:10.30,strike
71.50,1:11.50,aspiration
72.48,1:12.48,aspiration
73.10,1:13.10,aspiration
73.70,1:13.70,aspiration
74.60,1:14.60,pin
75.40,1:15.40,label
77.95,1:17.95,child
78.06,1:18.06,child
78.16,1:18.16,child
78.27,1:18.27,child
78.37,1:18.37,child
78.48,1:18.48,child
78.58,1:18.58,child
78.69,1:18.69,child
78.79,1:18.79,child
78.90,1:18.90,child
79.60,1:19.60,zoom out
80.00,1:20.00,route
80.10,1:20.10,pin
86.15,1:26.15,title
86.60,1:26.60,branches
86.95,1:26.95,child
87.01,1:27.01,child
87.07,1:27.07,child
87.13,1:27.13,child
87.19,1:27.19,child
87.26,1:27.26,child
87.32,1:27.32,child
87.38,1:27.38,child
87.44,1:27.44,child
87.50,1:27.50,child
90.80,1:30.80,focus
90.95,1:30.95,card
93.40,1:33.40,card
94.70,1:34.70,card
103.30,1:43.30,card
104.35,1:44.35,stamp unsolved
117.30,1:57.30,card
119.30,1:59.30,card
119.40,1:59.40,arrow
119.90,1:59.90,hit
121.20,2:01.20,hit
121.30,2:01.30,casino chips
121.58,2:01.58,casino chips
121.85,2:01.85,casino chips
122.12,2:02.12,casino chips
122.40,2:02.40,casino chips
129.70,2:09.70,title
131.95,2:11.95,row
133.00,2:13.00,strike
134.05,2:14.05,check
135.80,2:15.80,row
136.40,2:16.40,dot
136.55,2:16.55,dot
136.70,2:16.70,dot
137.70,2:17.70,pin
138.40,2:18.40,pause
139.80,2:19.80,zoom out
140.40,2:20.40,route
142.10,2:22.10,pin
143.30,2:23.30,zoom in
143.95,2:23.95,2008
146.60,2:26.60,paper
148.40,2:28.40,charge
150.75,2:30.75,charge
151.35,2:31.35,charge
151.90,2:31.90,charge
152.50,2:32.50,paper shift
153.00,2:33.00,card
155.40,2:35.40,name
161.20,2:41.20,clock
161.25,2:41.25,clock tick
161.38,2:41.38,clock tick
161.52,2:41.52,clock tick
161.65,2:41.65,clock tick
161.79,2:41.79,clock tick
161.92,2:41.92,clock tick
162.06,2:42.06,clock tick
162.19,2:42.19,clock tick
162.32,2:42.32,clock tick
162.46,2:42.46,clock tick
162.59,2:42.59,clock tick
162.73,2:42.73,clock tick
162.86,2:42.86,clock tick
162.99,2:42.99,clock tick
163.13,2:43.13,clock tick
163.26,2:43.26,clock tick
163.40,2:43.40,clock tick
163.53,2:43.53,clock tick
163.67,2:43.67,clock tick
163.80,2:43.80,clock tick
164.20,2:44.20,country
164.46,2:44.46,country
164.72,2:44.72,country
164.98,2:44.98,country
165.24,2:45.24,country
165.50,2:45.50,country
165.76,2:45.76,country
166.02,2:46.02,country
166.28,2:46.28,country
166.54,2:46.54,country
166.80,2:46.80,country
168.10,2:48.10,photo
182.25,3:02.25,tv on
184.40,3:04.40,divider
185.20,3:05.20,photo
185.95,3:05.95,gavel
188.80,3:08.80,route
190.50,3:10.50,pin
192.90,3:12.90,BOX 512
193.00,3:13.00,label
195.10,3:15.10,count
195.16,3:15.16,count
195.23,3:15.23,count
195.29,3:15.29,count
195.36,3:15.36,count
195.42,3:15.42,count
195.49,3:15.49,count
195.55,3:15.55,count
195.62,3:15.62,count
195.68,3:15.68,count
195.75,3:15.75,count
195.81,3:15.81,count
195.88,3:15.88,count
195.94,3:15.94,count
196.01,3:16.01,count
196.07,3:16.07,count
196.14,3:16.14,count
196.20,3:16.20,count
196.70,3:16.70,morph
198.00,3:18.00,links
201.85,3:21.85,tag
202.10,3:22.10,tag
202.35,3:22.35,tag
202.80,3:22.80,roles
203.90,3:23.90,cash
205.45,3:25.45,title
207.05,3:27.05,stat
208.25,3:28.25,stat
209.75,3:29.75,stat
210.90,3:30.90,stat
212.50,3:32.50,bar
216.00,3:36.00,glitch
216.55,3:36.55,sting
216.60,3:36.60,vanish
217.55,3:37.55,card
221.60,3:41.60,house
222.60,3:42.60,ankle monitor
223.40,3:43.40,ankle monitor
224.20,3:44.20,ankle monitor
225.00,3:45.00,ankle monitor
225.80,3:45.80,ankle monitor
229.80,3:49.80,label
231.80,3:51.80,route
232.60,3:52.60,question
233.30,3:53.30,pin
238.65,3:58.65,route back
240.60,4:00.60,stamp arrested
247.60,4:07.60,pages
247.70,4:07.70,pages
247.79,4:07.79,pages
247.89,4:07.89,pages
247.98,4:07.98,pages
248.08,4:08.08,pages
248.18,4:08.18,pages
248.27,4:08.27,pages
248.37,4:08.37,pages
248.46,4:08.46,pages
248.56,4:08.56,pages
248.66,4:08.66,pages
248.75,4:08.75,pages
248.85,4:08.85,pages
248.94,4:08.94,pages
249.04,4:09.04,pages
249.14,4:09.14,pages
249.23,4:09.23,pages
249.33,4:09.33,pages
249.42,4:09.42,pages
249.52,4:09.52,pages
249.62,4:09.62,pages
249.71,4:09.71,pages
249.81,4:09.81,pages
249.90,4:09.90,pages
250.00,4:10.00,pages
250.45,4:10.45,CONVICTED
251.50,4:11.50,check
253.40,4:13.40,check
255.60,4:15.60,name
257.20,4:17.20,name
258.10,4:18.10,name
258.90,4:18.90,node
259.10,4:19.10,node
259.50,4:19.50,link cut
261.00,4:21.00,link
263.20,4:23.20,link
265.60,4:25.60,chain
265.70,4:25.70,stamp responsible
268.90,4:28.90,life sentence
268.90,4:28.90,locks
269.25,4:29.25,life sentence
269.60,4:29.60,life sentence
271.10,4:31.10,extra
272.85,4:32.85,appeal
277.40,4:37.40,strike
279.20,4:39.20,shrink
282.70,4:42.70,stamp stands
284.10,4:44.10,pulse
285.05,4:45.05,pulse
286.00,4:46.00,pulse
286.40,4:46.40,card
286.95,4:46.95,pulse
288.10,4:48.10,split
291.10,4:51.10,plea item
292.45,4:52.45,plea item
293.40,4:53.40,plea item
294.70,4:54.70,sentence count
294.81,4:54.81,sentence count
294.91,4:54.91,sentence count
295.02,4:55.02,sentence count
295.13,4:55.13,sentence count
295.23,4:55.23,sentence count
295.34,4:55.34,sentence count
295.45,4:55.45,sentence count
295.55,4:55.55,sentence count
295.66,4:55.66,sentence count
295.77,4:55.77,sentence count
295.87,4:55.87,sentence count
295.98,4:55.98,sentence count
296.09,4:56.09,sentence count
296.19,4:56.19,sentence count
296.30,4:56.30,sentence count
297.50,4:57.50,photo
299.30,4:59.30,photo
302.90,5:02.90,tv on
306.85,5:06.85,promise
308.50,5:08.50,count
308.61,5:08.61,count
308.72,5:08.72,count
308.83,5:08.83,count
308.94,5:08.94,count
309.05,5:09.05,count
309.15,5:09.15,count
309.26,5:09.26,count
309.37,5:09.37,count
309.48,5:09.48,count
309.59,5:09.59,count
309.70,5:09.70,count
311.30,5:11.30,icon
312.30,5:12.30,icon
315.33,5:15.33,NAME
316.50,5:16.50,NAME
317.75,5:17.75,NAME
321.20,5:21.20,node
321.42,5:21.42,node
321.65,5:21.65,node
321.87,5:21.87,node
322.09,5:22.09,node
322.32,5:22.32,node
322.54,5:22.54,node
322.76,5:22.76,node
322.99,5:22.99,node
323.21,5:23.21,node
323.44,5:23.44,node
323.66,5:23.66,node
323.88,5:23.88,node
324.11,5:24.11,node
324.33,5:24.33,node
324.55,5:24.55,node
324.78,5:24.78,node
325.00,5:25.00,node
327.00,5:27.00,break
328.80,5:28.80,new network
332.30,5:32.30,line
335.30,5:35.30,line
335.60,5:35.60,outro
